{
  "assetIndex": {
    "id": "1.8",
    "sha1": "f6ad102bcaa53b1a58358f16e376d548d44933ec",
    "size": 78494,
    "totalSize": 114885064,
    "url": "https://launchermeta.mojang.com/v1/packages/f6ad102bcaa53b1a58358f16e376d548d44933ec/1.8.json"
  },
  "assets": "1.8",
  "complianceLevel": 0,
  "downloads": {
    "client": {
      "sha1": "d722504db9de2b47f46cc592b8528446272ae648",
      "size": 7746841,
      "url": "https://launcher.mojang.com/v1/objects/d722504db9de2b47f46cc592b8528446272ae648/client.jar"
    },
    "server": {
      "sha1": "a028f00e678ee5c6aef0e29656dca091b5df11c7",
      "size": 10375504,
      "url": "https://launcher.mojang.com/v1/objects/a028f00e678ee5c6aef0e29656dca091b5df11c7/server.jar"
    },
    "windows_server": {
      "sha1": "73e0862463b91a6a5aea29da58f85ef1e7915c83",
      "size": 10769744,
      "url": "https://launcher.mojang.com/v1/objects/73e0862463b91a6a5aea29da58f85ef1e7915c83/windows_server.exe"
    }
  },
  "id": "1.8-OptiFine_HD_U_I7",
  "javaVersion": {
    "component": "jre-legacy",
    "majorVersion": 8
  },
  "libraries": [
    {
      "name": "optifine:OptiFine:1.8_HD_U_I7"
    },
    {
      "name": "net.minecraft:launchwrapper:1.12"
    }
  ],
  "logging": {
    "client": {
      "argument": "-Dlog4j.configurationFile=${path}",
      "file": {
        "id": "client-1.7.xml",
        "sha1": "50c9cc4af6d853d9fc137c84bcd153e2bd3a9a82",
        "size": 966,
        "url": "https://launcher.mojang.com/v1/objects/50c9cc4af6d853d9fc137c84bcd153e2bd3a9a82/client-1.7.xml"
      },
      "type": "log4j2-xml"
    }
  },
  "mainClass": "net.minecraft.launchwrapper.Launch",
  "minecraftArguments": "--username ${auth_player_name} --version ${version_name} --gameDir ${game_directory} --assetsDir ${assets_root} --assetIndex ${assets_index_name} --uuid ${auth_uuid} --accessToken ${auth_access_token} --userProperties ${user_properties} --userType ${user_type}  --tweakClass optifine.OptiFineTweaker",
  "minimumLauncherVersion": 14,
  "releaseTime": "2014-09-02T08:24:35+00:00",
  "time": "2014-09-02T08:24:35+00:00",
  "type": "release",
  "inheritsFrom": "1.8"
}